﻿{"data":[{"Properties":{"domain":"VULNNET.LOCAL","name":"DEFAULT DOMAIN CONTROLLERS POLICY@VULNNET.LOCAL","distinguishedname":"CN={6AC1786C-016F-11D2-945F-00C04FB984F9},CN=POLICIES,CN=SYSTEM,DC=VULNNET,DC=LOCAL","domainsid":"S-1-5-21-1405206085-1650434706-76331420","highvalue":false,"description":null,"whencreated":1614043833,"gpcpath":"\\\\VULNNET.LOCAL\\SYSVOL\\VULNNET.LOCAL\\POLICIES\\{6AC1786C-016F-11D2-945F-00C04FB984F9}"},"Aces":[{"PrincipalSID":"S-1-5-21-1405206085-1650434706-76331420-512","PrincipalType":"Group","RightName":"Owns","IsInherited":false},{"PrincipalSID":"S-1-5-21-1405206085-1650434706-76331420-512","PrincipalType":"Group","RightName":"WriteDacl","IsInherited":false},{"PrincipalSID":"S-1-5-21-1405206085-1650434706-76331420-512","PrincipalType":"Group","RightName":"WriteOwner","IsInherited":false},{"PrincipalSID":"S-1-5-21-1405206085-1650434706-76331420-512","PrincipalType":"Group","RightName":"GenericWrite","IsInherited":false},{"PrincipalSID":"S-1-5-21-1405206085-1650434706-76331420-512","PrincipalType":"Group","RightName":"WriteDacl","IsInherited":false},{"PrincipalSID":"S-1-5-21-1405206085-1650434706-76331420-512","PrincipalType":"Group","RightName":"WriteOwner","IsInherited":false},{"PrincipalSID":"S-1-5-21-1405206085-1650434706-76331420-512","PrincipalType":"Group","RightName":"GenericWrite","IsInherited":false},{"PrincipalSID":"S-1-5-21-1405206085-1650434706-76331420-519","PrincipalType":"Group","RightName":"WriteDacl","IsInherited":false},{"PrincipalSID":"S-1-5-21-1405206085-1650434706-76331420-519","PrincipalType":"Group","RightName":"WriteOwner","IsInherited":false},{"PrincipalSID":"S-1-5-21-1405206085-1650434706-76331420-519","PrincipalType":"Group","RightName":"GenericWrite","IsInherited":false}],"ObjectIdentifier":"71EE1493-0079-40B4-80F0-8BA42C4F61D5","IsDeleted":false,"IsACLProtected":true},{"Properties":{"domain":"VULNNET.LOCAL","name":"SECURITY-POL-VN@VULNNET.LOCAL","distinguishedname":"CN={31B2F340-016D-11D2-945F-00C04FB984F9},CN=POLICIES,CN=SYSTEM,DC=VULNNET,DC=LOCAL","domainsid":"S-1-5-21-1405206085-1650434706-76331420","highvalue":false,"description":null,"whencreated":1614043833,"gpcpath":"\\\\VULNNET.LOCAL\\SYSVOL\\VULNNET.LOCAL\\POLICIES\\{31B2F340-016D-11D2-945F-00C04FB984F9}"},"Aces":[{"PrincipalSID":"S-1-5-21-1405206085-1650434706-76331420-512","PrincipalType":"Group","RightName":"Owns","IsInherited":false},{"PrincipalSID":"S-1-5-21-1405206085-1650434706-76331420-512","PrincipalType":"Group","RightName":"WriteDacl","IsInherited":false},{"PrincipalSID":"S-1-5-21-1405206085-1650434706-76331420-512","PrincipalType":"Group","RightName":"WriteOwner","IsInherited":false},{"PrincipalSID":"S-1-5-21-1405206085-1650434706-76331420-512","PrincipalType":"Group","RightName":"GenericWrite","IsInherited":false},{"PrincipalSID":"S-1-5-21-1405206085-1650434706-76331420-519","PrincipalType":"Group","RightName":"WriteDacl","IsInherited":false},{"PrincipalSID":"S-1-5-21-1405206085-1650434706-76331420-519","PrincipalType":"Group","RightName":"WriteOwner","IsInherited":false},{"PrincipalSID":"S-1-5-21-1405206085-1650434706-76331420-519","PrincipalType":"Group","RightName":"GenericWrite","IsInherited":false},{"PrincipalSID":"S-1-5-21-1405206085-1650434706-76331420-1103","PrincipalType":"User","RightName":"GenericWrite","IsInherited":false}],"ObjectIdentifier":"9D593BF2-13AC-4DF7-97A9-FAFF2ABD3E2C","IsDeleted":false,"IsACLProtected":true}],"meta":{"methods":29675,"type":"gpos","count":2,"version":5}}