﻿{"data":[{"GPOChanges":{"LocalAdmins":[],"RemoteDesktopUsers":[],"DcomUsers":[],"PSRemoteUsers":[],"AffectedComputers":[]},"Properties":{"domain":"VULNNET.LOCAL","name":"VULNNET.LOCAL","distinguishedname":"DC=VULNNET,DC=LOCAL","domainsid":"S-1-5-21-1405206085-1650434706-76331420","highvalue":true,"description":null,"whencreated":1614043803,"functionallevel":"2016"},"ChildObjects":[{"ObjectIdentifier":"62E0CA12-0030-4DD9-A886-2E4D22E832B2","ObjectType":"Container"},{"ObjectIdentifier":"34B738D9-7101-49B8-BF02-DA659A2E2F00","ObjectType":"OU"},{"ObjectIdentifier":"70078C0D-80F1-44E3-AF3C-DFA454B9BC05","ObjectType":"Container"},{"ObjectIdentifier":"5220DA83-4139-4DA7-B317-CC95D6511287","ObjectType":"Container"},{"ObjectIdentifier":"45E20DF3-AC16-40B3-8302-654C4465454E","ObjectType":"Container"}],"Trusts":[],"Links":[{"IsEnforced":false,"GUID":"9D593BF2-13AC-4DF7-97A9-FAFF2ABD3E2C"}],"Aces":[{"PrincipalSID":"VULNNET.LOCAL-S-1-5-32-544","PrincipalType":"Group","RightName":"Owns","IsInherited":false},{"PrincipalSID":"VULNNET.LOCAL-S-1-5-32-544","PrincipalType":"Group","RightName":"WriteDacl","IsInherited":false},{"PrincipalSID":"VULNNET.LOCAL-S-1-5-32-544","PrincipalType":"Group","RightName":"WriteOwner","IsInherited":false},{"PrincipalSID":"VULNNET.LOCAL-S-1-5-32-544","PrincipalType":"Group","RightName":"AllExtendedRights","IsInherited":false},{"PrincipalSID":"S-1-5-21-1405206085-1650434706-76331420-512","PrincipalType":"Group","RightName":"WriteDacl","IsInherited":false},{"PrincipalSID":"S-1-5-21-1405206085-1650434706-76331420-512","PrincipalType":"Group","RightName":"WriteOwner","IsInherited":false},{"PrincipalSID":"S-1-5-21-1405206085-1650434706-76331420-512","PrincipalType":"Group","RightName":"AllExtendedRights","IsInherited":false},{"PrincipalSID":"S-1-5-21-1405206085-1650434706-76331420-519","PrincipalType":"Group","RightName":"GenericAll","IsInherited":false},{"PrincipalSID":"VULNNET.LOCAL-S-1-5-9","PrincipalType":"Group","RightName":"GetChanges","IsInherited":false},{"PrincipalSID":"VULNNET.LOCAL-S-1-5-9","PrincipalType":"Group","RightName":"GetChangesInFilteredSet","IsInherited":false},{"PrincipalSID":"VULNNET.LOCAL-S-1-5-32-544","PrincipalType":"Group","RightName":"GetChangesAll","IsInherited":false},{"PrincipalSID":"VULNNET.LOCAL-S-1-5-32-544","PrincipalType":"Group","RightName":"GetChanges","IsInherited":false},{"PrincipalSID":"VULNNET.LOCAL-S-1-5-32-544","PrincipalType":"Group","RightName":"GetChangesInFilteredSet","IsInherited":false},{"PrincipalSID":"S-1-5-21-1405206085-1650434706-76331420-498","PrincipalType":"Group","RightName":"GetChanges","IsInherited":false},{"PrincipalSID":"S-1-5-21-1405206085-1650434706-76331420-516","PrincipalType":"Group","RightName":"GetChangesAll","IsInherited":false}],"ObjectIdentifier":"S-1-5-21-1405206085-1650434706-76331420","IsDeleted":false,"IsACLProtected":false}],"meta":{"methods":29675,"type":"domains","count":1,"version":5}}